id,title,youtubeId,youtubeUrl,publishStatus,last video published on,videos posted in 2026
255,AzanU,UCo_FZGAbw6EJuXjv5qrSRnw,https://www.youtube.com/channel/UCo_FZGAbw6EJuXjv5qrSRnw,Published,2020-11-18 15:44:24.000,0
266,Based HasanAbi,UCyQlVZKMbCcQC8qV3mbwJtQ,https://www.youtube.com/channel/UCyQlVZKMbCcQC8qV3mbwJtQ,Unpublished,2023-01-29 06:10:17.000,0
262,Blammo,UCyi8cnfivNGce3RyCaOJTag,https://www.youtube.com/channel/UCyi8cnfivNGce3RyCaOJTag,Published,2026-03-08T01:34:13Z,3
264,Blurred Society,UCxuqVXYQYIkE0AzxbY1AfLQ,https://www.youtube.com/channel/UCxuqVXYQYIkE0AzxbY1AfLQ,Published,2026-06-09T18:22:08Z,2
285,Claro Casey,UCSq__YZpaAVLedz0Lbdf_IA,https://www.youtube.com/channel/UCSq__YZpaAVLedz0Lbdf_IA,Published,2023-02-09 22:59:17.000,0
261,Comrade Lamb,UCBQ8p2uLegVPZhlGo1L5bFw,https://www.youtube.com/channel/UCBQ8p2uLegVPZhlGo1L5bFw,Published,2023-07-17 14:28:43.000,0
296,Daily Dose of Hank Pecker,UCur1dyrJADqvkResvNf0xlQ,https://www.youtube.com/channel/UCur1dyrJADqvkResvNf0xlQ,Published,2023-04-22 12:12:23.000,0
229,Daily Dose of HasanAbi,UCqsq-k2LLwJ-UM77pLrEbHw,https://www.youtube.com/channel/UCqsq-k2LLwJ-UM77pLrEbHw,Published,2026-07-18T20:49:14Z,3
226,Fear&,UCnI_h3e6b5jGLfly2SY57SA,https://www.youtube.com/channel/UCnI_h3e6b5jGLfly2SY57SA,Published,2026-08-17T16:01:10Z,34
303,Fear& Clips,UCbGCHkeXk7hV09XkJL0atbg,https://www.youtube.com/channel/UCbGCHkeXk7hV09XkJL0atbg,Published,2026-08-19T16:00:16Z,242
321,Hasan Adventures,UCdYDpa9p5xQVfTNsir5T8NQ,https://www.youtube.com/channel/UCdYDpa9p5xQVfTNsir5T8NQ,Published,2026-04-28T22:47:42Z,104
267,Hasan Clip Manufacture,UCMa7PX04a7yiTWFoVUYaI0Q,https://www.youtube.com/channel/UCMa7PX04a7yiTWFoVUYaI0Q,Published,2022-09-01 07:59:05.000,0
284,Hasan Piker,UCUw7GKmOEMmBrMs9rIFfgmw,https://www.youtube.com/channel/UCUw7GKmOEMmBrMs9rIFfgmw,Published,2026-04-24T17:47:04Z,8
236,Hasan Piker Clips Industrial Complex,UC9q-CD7NLfYiB0hK5656_6A,https://www.youtube.com/channel/UC9q-CD7NLfYiB0hK5656_6A,Published,2022-04-12 10:18:54.000,0
310,Hasan Piker Programming,UCLVsqFtv8yTESp2e7xO-dCw,https://www.youtube.com/channel/UCLVsqFtv8yTESp2e7xO-dCw,Published,2025-05-25T20:14:02+00:00,0
240,Hasan Reactions,UC1hW1iEFDsW-6V0zC8jqVQA,https://www.youtube.com/channel/UC1hW1iEFDsW-6V0zC8jqVQA,Published,2026-08-19T21:23:43Z,294
232,Hasan Reactions RAW,UCQl65LbQ58aCi74marnYi0Q,https://www.youtube.com/channel/UCQl65LbQ58aCi74marnYi0Q,Published,2023-12-23 03:36:45.000,0
283,Hasan's Himbos,UC7ZFh8vIhWXa8G-zmbbm6qw,https://www.youtube.com/channel/UC7ZFh8vIhWXa8G-zmbbm6qw,Unpublished,2023-04-12 11:51:52.000,0
268,Hasanabeans,UCaa3bPHhjSrWOkvg4kbF65Q,https://www.youtube.com/channel/UCaa3bPHhjSrWOkvg4kbF65Q,Published,2023-10-20 19:39:00.000,0
224,HasanAbi,UCtoaZpBnrd0lhycxYJ4MNOQ,https://www.youtube.com/channel/UCtoaZpBnrd0lhycxYJ4MNOQ,Published,2026-08-20T02:32:16Z,889
308,HasanAbi (Chronically) Online,UCqNUXv28Wz6RE5ZFsslzxFw,https://www.youtube.com/channel/UCqNUXv28Wz6RE5ZFsslzxFw,Published,2024-04-02T06:31:53+00:00,0
291,HasanAbi Adventures,UCFk0vIohU4WJ7Ob22e7WDWg,https://www.youtube.com/channel/UCFk0vIohU4WJ7Ob22e7WDWg,Published,2024-11-14T03:06:55+00:00,0
287,HasanAbi AgitProp,UC2xFm9oLLpwKyHqq3zAsAew,https://www.youtube.com/channel/UC2xFm9oLLpwKyHqq3zAsAew,Published,2024-05-23T10:24:42+00:00,0
275,Hasanabi Better Clips,UCMYA7_IJr3zkRk1AIp9JjaQ,https://www.youtube.com/channel/UCMYA7_IJr3zkRk1AIp9JjaQ,Published,2023-08-17 23:12:07.000,0
279,HasanAbi Bits,UCFejcJWmtDnyd81VTYwJYgg,https://www.youtube.com/channel/UCFejcJWmtDnyd81VTYwJYgg,Unpublished,2022-01-13 03:24:10.000,0
311,HasanAbi But A Shark Eats Him At The End,UCT1mRJrRvrTWWFIURWfiXeA,https://www.youtube.com/channel/UCT1mRJrRvrTWWFIURWfiXeA,Published,2024-11-02T05:00:02+00:00,0
290,HasanAbi Capital,UCXJHWGVYqz9PJoiuDrX21gA,https://www.youtube.com/channel/UCXJHWGVYqz9PJoiuDrX21gA,Unpublished,2023-01-13 02:35:17.000,0
258,HasanAbi Champagne Socialist,UCbfv7k_fWw7G9cbBCeERGGg,https://www.youtube.com/channel/UCbfv7k_fWw7G9cbBCeERGGg,Published,2023-03-08 03:55:01.000,0
286,Hasanabi Clips,UCN7jo9su_7oDqwpfin8lgjw,https://www.youtube.com/channel/UCN7jo9su_7oDqwpfin8lgjw,Published,2026-08-20T07:52:48Z,770
260,HasanAbi Compilations (Fan Channel - littlebear36),UCi1UIejGoWgSZWf15wHPj7g,https://www.youtube.com/channel/UCi1UIejGoWgSZWf15wHPj7g,Published,2025-01-17T23:01:59+00:00,0
273,Hasanabi Daily Reactions,UCTnUAQJOr96ueB6CMuiwNIw,https://www.youtube.com/channel/UCTnUAQJOr96ueB6CMuiwNIw,Published,2023-07-18 22:00:33.000,0
265,Hasanabi Enterprise,UCMmJp0vS2hX8Tgc1xcSELpg,https://www.youtube.com/channel/UCMmJp0vS2hX8Tgc1xcSELpg,Published,2023-06-18 16:05:00.000,0
270,HasanAbi Error,UC8CLegDlb_uez8TseXTZi5Q,https://www.youtube.com/channel/UC8CLegDlb_uez8TseXTZi5Q,Unpublished,2024-01-31 18:42:12.000,0
320,HasanAbi Fan,UCT9giyDIffH-HCYuwflucIg,https://www.youtube.com/channel/UCT9giyDIffH-HCYuwflucIg,Published,2025-05-14T13:28:41+00:00,0
319,Hasanabi Fangirl,UCcRk80NOHSPJxYI0rJzoQuw,https://www.youtube.com/channel/UCcRk80NOHSPJxYI0rJzoQuw,Published,2026-08-19T13:51:51Z,3
302,HasanAbi Fix,UCzUM_NWzHN7mdQo9biG80Dg,https://www.youtube.com/channel/UCzUM_NWzHN7mdQo9biG80Dg,Published,2026-08-19T14:58:27Z,196
282,HasanAbi Fix Archive,UClZj4-rsMlX2BqwG7I7wQLA,https://www.youtube.com/channel/UClZj4-rsMlX2BqwG7I7wQLA,Published,2023-12-04 16:45:43.000,0
233,HasanAbi Gaming,UCoatplmazYmGMPe-3LRCeyg,https://www.youtube.com/channel/UCoatplmazYmGMPe-3LRCeyg,Published,2026-08-19T22:17:20Z,7
234,Hasanabi Gaming VODs,UC5KRuWEAEVgYORPfgNHgDFg,https://www.youtube.com/channel/UC5KRuWEAEVgYORPfgNHgDFg,Published,2023-02-06 18:00:31.000,0
243,HasanAbi Getting Away With It,UCRO0IlS2LO-lhMLYZy7eWFg,https://www.youtube.com/channel/UCRO0IlS2LO-lhMLYZy7eWFg,Published,2026-06-29T13:00:37Z,1
237,HasanAbi Industries (Fan Channel),UCz2n05fvYYoVTrhq1ZUnyHA,https://www.youtube.com/channel/UCz2n05fvYYoVTrhq1ZUnyHA,Published,2024-07-23T01:16:14+00:00,0
274,HasanAbi is Streaming,UCCEQ26w8ZCwX-LtUgnT91mA,https://www.youtube.com/channel/UCCEQ26w8ZCwX-LtUgnT91mA,Published,2023-05-16 21:13:08.000,0
257,HasanAbi Kun,UCidMYrY7FFNMVkCMr5WWiig,https://www.youtube.com/channel/UCidMYrY7FFNMVkCMr5WWiig,Published,2022-09-16 15:30:08.000,0
307,Hasanabi Media,UCsnHgKMoppJxRZOHM7FqmJQ,https://www.youtube.com/channel/UCsnHgKMoppJxRZOHM7FqmJQ,Published,2024-03-15T17:13:12+00:00,0
299,HasanAbi Mix,UCz71zxXXDly98fwt_IGVjIQ,https://www.youtube.com/channel/UCz71zxXXDly98fwt_IGVjIQ,Unpublished,2025-03-01T03:34:41+00:00,0
227,HasanAbi Moments,UCobue-_fUPSIwdWULdE3MbQ,https://www.youtube.com/channel/UCobue-_fUPSIwdWULdE3MbQ,Published,2026-08-14T00:52:42Z,2
295,HasanAbi Nation,UCeTYVwfkRIbT5tDTW56VAfQ,https://www.youtube.com/channel/UCeTYVwfkRIbT5tDTW56VAfQ,Published,2023-10-17 16:35:06.000,0
272,Hasanabi News,UCs6JPNHVCHGfJyIspRdCL-g,https://www.youtube.com/channel/UCs6JPNHVCHGfJyIspRdCL-g,Unpublished,2023-06-28 04:04:07.000,0
315,HasanAbi Parasocialists,UC1NhoaWFZ9jlXzKv6_5sgYQ,https://www.youtube.com/channel/UC1NhoaWFZ9jlXzKv6_5sgYQ,Published,2024-11-08T00:37:26+00:00,0
298,HasanAbi Planet,UCKI-u2DQcUPoNeHlC038P1A,https://www.youtube.com/channel/UCKI-u2DQcUPoNeHlC038P1A,Unpublished,2024-10-28T17:30:13+00:00,0
230,Hasanabi Productions,UCBBQ9PIs8ARguuwVJZowGIg,https://www.youtube.com/channel/UCBBQ9PIs8ARguuwVJZowGIg,Published,2026-08-20T02:59:56Z,493
239,Hasanabi Reactlord,UCBwbwVWMGEQSzJ0T7-YwtHA,https://www.youtube.com/channel/UCBwbwVWMGEQSzJ0T7-YwtHA,Unpublished,2023-06-13 18:32:16.000,0
252,HasanAbi Recap,UCQJcRvDhMqKsNytS5C8I_nQ,https://www.youtube.com/channel/UCQJcRvDhMqKsNytS5C8I_nQ,Unpublished,2020-11-25 02:35:11.000,0
305,HasanAbi Reformed,UC_dFkBV3HoJrVSJxSrzPRKw,https://www.youtube.com/channel/UC_dFkBV3HoJrVSJxSrzPRKw,Published,2026-08-19T22:40:29Z,4
317,HasanAbi Searches for Humanity ,UC3OTOy8vuu_r4wK80tpTmoA,https://www.youtube.com/channel/UC3OTOy8vuu_r4wK80tpTmoA,Published,2026-08-20T02:19:59Z,77
276,Hasanabi Senpai,UCpkEYJqsaxaH4ZQHmUdNy8g,https://www.youtube.com/channel/UCpkEYJqsaxaH4ZQHmUdNy8g,Published,2021-09-15 14:39:51.000,0
277,HasanAbi TR,UCL4k-LNb7EuAnnnYKiWOhww,https://www.youtube.com/channel/UCL4k-LNb7EuAnnnYKiWOhww,Published,2023-08-14 12:51:26.000,0
289,HasanAbi Uncut,UCNat3squ2fvXIYu27mW6C7w,https://www.youtube.com/channel/UCNat3squ2fvXIYu27mW6C7w,Published,2023-04-27 23:47:33.000,0
269,HasanAbi University,UC8ghYPZLtmo5xXcNUG8JwHg,https://www.youtube.com/channel/UC8ghYPZLtmo5xXcNUG8JwHg,Unpublished,2023-12-18 20:15:00.000,0
293,Hasanabi's Witness (Fan Channel),UCwXGLO9vCyx7T0K-P0bmyag,https://www.youtube.com/channel/UCwXGLO9vCyx7T0K-P0bmyag,Unpublished,2024-03-25T20:38:13+00:00,0
288,HasanabiFun,UCyd8tzzebQJZf0x-JZ7HNMQ,https://www.youtube.com/channel/UCyd8tzzebQJZf0x-JZ7HNMQ,Published,2023-01-18 00:14:16.000,0
256,HasanabiHighlights,UC1rBj7-A5jEDbN916Xyr7cw,https://www.youtube.com/channel/UC1rBj7-A5jEDbN916Xyr7cw,Published,2021-11-22 09:00:22.000,0
309,Hasanabis Chair Reacts,UCCJyIKW0XV9CzYC4Q94VUIA,https://www.youtube.com/channel/UCCJyIKW0XV9CzYC4Q94VUIA,Published,2026-08-19T13:00:31Z,183
259,HasanHub,UCYQZl1q9PGpld3_FCJ2jlpA,https://www.youtube.com/channel/UCYQZl1q9PGpld3_FCJ2jlpA,Published,2022-05-19 23:15:21.000,0
318,HasAnimated,UCX_jJeAPN7CsI9ZAxZLFxgQ,https://www.youtube.com/channel/UCX_jJeAPN7CsI9ZAxZLFxgQ,Published,2025-07-31T15:00:06+00:00,0
313,Haslocke,UCZfXeYytoZ4lhRrJ2UgghMw,https://www.youtube.com/channel/UCZfXeYytoZ4lhRrJ2UgghMw,Published,2026-08-13T18:34:19Z,103
294,HasPause,UCNo7brDJ0zPELEHTXsdjiVw,https://www.youtube.com/channel/UCNo7brDJ0zPELEHTXsdjiVw,Published,2023-07-25 06:28:10.000,0
241,JustAnotherHasanAbiClipChannel,UCPATNnO0ee5VY4Cqu9U9QCg,https://www.youtube.com/channel/UCPATNnO0ee5VY4Cqu9U9QCg,Published,2025-03-11T05:05:53+00:00,0
314,Kel,UC56F9MGjLbBr06gm47ua7yQ,https://www.youtube.com/channel/UC56F9MGjLbBr06gm47ua7yQ,Published,2024-08-30T00:55:14+00:00,0
244,LeftFi3ld,UC7_tYDcltiSuX9hgKotD0Mw,https://www.youtube.com/channel/UC7_tYDcltiSuX9hgKotD0Mw,Published,2023-09-15 03:44:50.000,0
304,MrHasanAbi,UCXw45YWbcb1q4jJV-cmEEYw,https://www.youtube.com/channel/UCXw45YWbcb1q4jJV-cmEEYw,Unpublished,2024-04-08T15:00:39+00:00,0
225,Ostonox,UCr0GF7FXLV-NZf-3nD7YTMA,https://www.youtube.com/channel/UCr0GF7FXLV-NZf-3nD7YTMA,Published,2023-11-08 18:57:40.000,0
